INSERT INTO `categoria` (`codigo`,`descricao`,`nome`) VALUES (1,'HARDWARE','HARDWARE');
INSERT INTO `categoria` (`codigo`,`descricao`,`nome`) VALUES (2,'CLOTHING','CLOTHING');
INSERT INTO `categoria` (`codigo`,`descricao`,`nome`) VALUES (3,'FOOTWEAR','FOOTWEAR');

INSERT INTO `sub_categoria` (`codigo`,`descricao`,`nome`) VALUES (1,'0','0');
INSERT INTO `sub_categoria` (`codigo`,`descricao`,`nome`) VALUES (6,'ACCESSORIES','ACCESSORIES');
INSERT INTO `sub_categoria` (`codigo`,`descricao`,`nome`) VALUES (7,'BEARINGS','BEARINGS');
INSERT INTO `sub_categoria` (`codigo`,`descricao`,`nome`) VALUES (8,'DECKS','DECKS');
INSERT INTO `sub_categoria` (`codigo`,`descricao`,`nome`) VALUES (9,'GRIPTAPE','GRIPTAPE');
INSERT INTO `sub_categoria` (`codigo`,`descricao`,`nome`) VALUES (10,'TRUCKS','TRUCKS');
INSERT INTO `sub_categoria` (`codigo`,`descricao`,`nome`) VALUES (11,'WHEELS','WHEELS');
INSERT INTO `sub_categoria` (`codigo`,`descricao`,`nome`) VALUES (12,'CAPS','CAPS');
INSERT INTO `sub_categoria` (`codigo`,`descricao`,`nome`) VALUES (13,'HOODIE','HOODIE');
INSERT INTO `sub_categoria` (`codigo`,`descricao`,`nome`) VALUES (14,'JACKETS','JACKETS');
INSERT INTO `sub_categoria` (`codigo`,`descricao`,`nome`) VALUES (15,'T-SHIRT','T-SHIRT');
INSERT INTO `sub_categoria` (`codigo`,`descricao`,`nome`) VALUES (16,'MENS SHOE SIZE','MENS SHOE');
INSERT INTO `sub_categoria` (`codigo`,`descricao`,`nome`) VALUES (17,'MENS SHOE SIZE','WOMENS SHOE');

INSERT INTO `categoria_has_sub_categoria` (`categoria_codigo`,`sub_categoria_codigo`) VALUES (1,6);
INSERT INTO `categoria_has_sub_categoria` (`categoria_codigo`,`sub_categoria_codigo`) VALUES (1,7);
INSERT INTO `categoria_has_sub_categoria` (`categoria_codigo`,`sub_categoria_codigo`) VALUES (1,8);
INSERT INTO `categoria_has_sub_categoria` (`categoria_codigo`,`sub_categoria_codigo`) VALUES (1,9);
INSERT INTO `categoria_has_sub_categoria` (`categoria_codigo`,`sub_categoria_codigo`) VALUES (1,10);
INSERT INTO `categoria_has_sub_categoria` (`categoria_codigo`,`sub_categoria_codigo`) VALUES (1,11);
INSERT INTO `categoria_has_sub_categoria` (`categoria_codigo`,`sub_categoria_codigo`) VALUES (2,12);
INSERT INTO `categoria_has_sub_categoria` (`categoria_codigo`,`sub_categoria_codigo`) VALUES (2,13);
INSERT INTO `categoria_has_sub_categoria` (`categoria_codigo`,`sub_categoria_codigo`) VALUES (2,14);
INSERT INTO `categoria_has_sub_categoria` (`categoria_codigo`,`sub_categoria_codigo`) VALUES (2,15);
INSERT INTO `categoria_has_sub_categoria` (`categoria_codigo`,`sub_categoria_codigo`) VALUES (3,16);
INSERT INTO `categoria_has_sub_categoria` (`categoria_codigo`,`sub_categoria_codigo`) VALUES (3,17);

INSERT INTO `marca` (`nome`,`descricao`) VALUES ('ADIDAS','ADIDAS');
INSERT INTO `marca` (`nome`,`descricao`) VALUES ('ADIDASxHARDIES','ADIDASxHARDIES');
INSERT INTO `marca` (`nome`,`descricao`) VALUES ('ADIDASxHELAS','ADIDASxHELAS');
INSERT INTO `marca` (`nome`,`descricao`) VALUES ('AL CARRER','AL CARRER');
INSERT INTO `marca` (`nome`,`descricao`) VALUES ('ALLTIMERS','ALLTIMERS');
INSERT INTO `marca` (`nome`,`descricao`) VALUES ('ANDALÉ','ANDALÉ');
INSERT INTO `marca` (`nome`,`descricao`) VALUES ('ANTI HERO','ANTI HERO');
INSERT INTO `marca` (`nome`,`descricao`) VALUES ('BAKER','BAKER');
INSERT INTO `marca` (`nome`,`descricao`) VALUES ('BLURS','BLURS');
INSERT INTO `marca` (`nome`,`descricao`) VALUES ('BONES','BONES');
INSERT INTO `marca` (`nome`,`descricao`) VALUES ('BOULEVARD','BOULEVARD');
INSERT INTO `marca` (`nome`,`descricao`) VALUES ('BUTTERGOODS','BUTTERGOODS');
INSERT INTO `marca` (`nome`,`descricao`) VALUES ('CHOCOLATE','CHOCOLATE');
INSERT INTO `marca` (`nome`,`descricao`) VALUES ('CHRYSTIE','CHRYSTIE');
INSERT INTO `marca` (`nome`,`descricao`) VALUES ('CREATURE','CREATURE');
INSERT INTO `marca` (`nome`,`descricao`) VALUES ('CRUPIÊ','CRUPIÊ');
INSERT INTO `marca` (`nome`,`descricao`) VALUES ('DIAMOND','DIAMOND');
INSERT INTO `marca` (`nome`,`descricao`) VALUES ('DOGTOWN','DOGTOWN');
INSERT INTO `marca` (`nome`,`descricao`) VALUES ('EMERICA','EMERICA');
INSERT INTO `marca` (`nome`,`descricao`) VALUES ('ENJOI','ENJOI');
INSERT INTO `marca` (`nome`,`descricao`) VALUES ('ETNIES','ETNIES');
INSERT INTO `marca` (`nome`,`descricao`) VALUES ('FEEL','FEEL');
INSERT INTO `marca` (`nome`,`descricao`) VALUES ('FLIP','FLIP');
INSERT INTO `marca` (`nome`,`descricao`) VALUES ('FUCKING AWESOME','FUCKING AWESOME');
INSERT INTO `marca` (`nome`,`descricao`) VALUES ('GIRL','GIRL');
INSERT INTO `marca` (`nome`,`descricao`) VALUES ('GRIZZLY','GRIZZLY');
INSERT INTO `marca` (`nome`,`descricao`) VALUES ('HARDIES','HARDIES');
INSERT INTO `marca` (`nome`,`descricao`) VALUES ('HARDWEAR','HARDWEAR');
INSERT INTO `marca` (`nome`,`descricao`) VALUES ('HELAS','HELAS');
INSERT INTO `marca` (`nome`,`descricao`) VALUES ('HOCKEY','HOCKEY');
INSERT INTO `marca` (`nome`,`descricao`) VALUES ('HOODIE','HOODIE');
INSERT INTO `marca` (`nome`,`descricao`) VALUES ('HUF','HUF');
INSERT INTO `marca` (`nome`,`descricao`) VALUES ('INDEPENDENT','INDEPENDENT');
INSERT INTO `marca` (`nome`,`descricao`) VALUES ('ISLE','ISLE');
INSERT INTO `marca` (`nome`,`descricao`) VALUES ('KROOKED','KROOKED');
INSERT INTO `marca` (`nome`,`descricao`) VALUES ('MAGENTA','MAGENTA');
INSERT INTO `marca` (`nome`,`descricao`) VALUES ('MOB GRIP','MOB GRIP');
INSERT INTO `marca` (`nome`,`descricao`) VALUES ('NEW BALANCE NB#','NEW BALANCE NB#');
INSERT INTO `marca` (`nome`,`descricao`) VALUES ('NIKE SB','NIKE SB');
INSERT INTO `marca` (`nome`,`descricao`) VALUES ('NUMBERS','NUMBERS');
INSERT INTO `marca` (`nome`,`descricao`) VALUES ('OJ`S','OJ`S');
INSERT INTO `marca` (`nome`,`descricao`) VALUES ('PALACE','PALACE');
INSERT INTO `marca` (`nome`,`descricao`) VALUES ('POLAR','POLAR');
INSERT INTO `marca` (`nome`,`descricao`) VALUES ('POWELL PERALTA','POWELL PERALTA');
INSERT INTO `marca` (`nome`,`descricao`) VALUES ('PRIMITIVE','PRIMITIVE');
INSERT INTO `marca` (`nome`,`descricao`) VALUES ('QUASI','QUASI');
INSERT INTO `marca` (`nome`,`descricao`) VALUES ('REAL','REAL');
INSERT INTO `marca` (`nome`,`descricao`) VALUES ('RED BONES','RED BONES');
INSERT INTO `marca` (`nome`,`descricao`) VALUES ('ROYAL','ROYAL');
INSERT INTO `marca` (`nome`,`descricao`) VALUES ('SANTA CRUZ','SANTA CRUZ');
INSERT INTO `marca` (`nome`,`descricao`) VALUES ('SILVER','SILVER');
INSERT INTO `marca` (`nome`,`descricao`) VALUES ('SOULJAH','SOULJAH');
INSERT INTO `marca` (`nome`,`descricao`) VALUES ('SOUR','SOUR');
INSERT INTO `marca` (`nome`,`descricao`) VALUES ('SPITFIRE','SPITFIRE');
INSERT INTO `marca` (`nome`,`descricao`) VALUES ('THEORIES','THEORIES');
INSERT INTO `marca` (`nome`,`descricao`) VALUES ('THRASHER','THRASHER');
INSERT INTO `marca` (`nome`,`descricao`) VALUES ('THUNDER','THUNDER');
INSERT INTO `marca` (`nome`,`descricao`) VALUES ('TIRED','TIRED');
INSERT INTO `marca` (`nome`,`descricao`) VALUES ('VENTURE','VENTURE');
INSERT INTO `marca` (`nome`,`descricao`) VALUES ('WELCOME','WELCOME');
INSERT INTO `marca` (`nome`,`descricao`) VALUES ('WESTERN EDITION','WESTERN EDITION');

INSERT INTO `dominio` (`descricao`,`nome`) VALUES ('LOJA FÍSICA','LOJA FÍSICA');

INSERT INTO `forma_de_pagamento` (`codigo`,`descricao`,`nome`,`porcentagem_desconto`) VALUES (1,'DINHEIRO ','DINHEIRO ',0);
INSERT INTO `forma_de_pagamento` (`codigo`,`descricao`,`nome`,`porcentagem_desconto`) VALUES (2,'CARTÃO ','CARTÃO ',0);

INSERT INTO `medida` (`codigo`, `descricao`, `nome`) values (1, 'US MENS SHOES',   'US');

INSERT INTO `itens_tipo_medida` (categoria_codigo, marca_codigo, medida_codigo, sub_categoria_codigo, valor) values (3, null, 1, 16, '6');
INSERT INTO `itens_tipo_medida` (categoria_codigo, marca_codigo, medida_codigo, sub_categoria_codigo, valor) values (3, null, 1, 16, '6.5');
INSERT INTO `itens_tipo_medida` (categoria_codigo, marca_codigo, medida_codigo, sub_categoria_codigo, valor) values (3, null, 1, 16, '7');
INSERT INTO `itens_tipo_medida` (categoria_codigo, marca_codigo, medida_codigo, sub_categoria_codigo, valor) values (3, null, 1, 16, '7.5');
INSERT INTO `itens_tipo_medida` (categoria_codigo, marca_codigo, medida_codigo, sub_categoria_codigo, valor) values (3, null, 1, 16, '8');
INSERT INTO `itens_tipo_medida` (categoria_codigo, marca_codigo, medida_codigo, sub_categoria_codigo, valor) values (3, null, 1, 16, '8.5');
INSERT INTO `itens_tipo_medida` (categoria_codigo, marca_codigo, medida_codigo, sub_categoria_codigo, valor) values (3, null, 1, 16, '9');
INSERT INTO `itens_tipo_medida` (categoria_codigo, marca_codigo, medida_codigo, sub_categoria_codigo, valor) values (3, null, 1, 16, '9.5');
INSERT INTO `itens_tipo_medida` (categoria_codigo, marca_codigo, medida_codigo, sub_categoria_codigo, valor) values (3, null, 1, 16, '10');
INSERT INTO `itens_tipo_medida` (categoria_codigo, marca_codigo, medida_codigo, sub_categoria_codigo, valor) values (3, null, 1, 16, '10.5');
INSERT INTO `itens_tipo_medida` (categoria_codigo, marca_codigo, medida_codigo, sub_categoria_codigo, valor) values (3, null, 1, 16, '11');
INSERT INTO `itens_tipo_medida` (categoria_codigo, marca_codigo, medida_codigo, sub_categoria_codigo, valor) values (3, null, 1, 16, '11.5');
INSERT INTO `itens_tipo_medida` (categoria_codigo, marca_codigo, medida_codigo, sub_categoria_codigo, valor) values (3, null, 1, 16, '12');
INSERT INTO `itens_tipo_medida` (categoria_codigo, marca_codigo, medida_codigo, sub_categoria_codigo, valor) values (3, null, 1, 16, '12.5');
INSERT INTO `itens_tipo_medida` (categoria_codigo, marca_codigo, medida_codigo, sub_categoria_codigo, valor) values (3, null, 1, 16, '13');

INSERT INTO `fornecedor` (`descricao`,`nome`) VALUES ('FORNECEDOR','FORNECEDOR');

INSERT INTO `cliente` (`codigo`) VALUES (1);
